{
	"AlgoMap255BrLevel": {
		"sectionone": [0.006667,1.993],
		"sectiontwo": [0.05034,-194.6],
		"sectionthree": [0.01101206083,74.58940745],
		"sectionkeypoint": [4501,6848]
	},
	"LcmMapAlgoBrLevel": [
		[1,1],
		[2,76],
		[3,226],
		[4,376],
		[5,526],
		[6,676],
		[7,826],
		[8,976],
		[9,1125],
		[10,1275],
		[11,1425],
		[12,1575],
		[13,1725],
		[14,1875],
		[15,2025],
		[16,2175],
		[17,2325],
		[18,2475],
		[19,2625],
		[20,2775],
		[21,2925],
		[22,3075],
		[23,3225],
		[24,3375],
		[25,3525],
		[26,3675],
		[27,3825],
		[28,3975],
		[29,4125],
		[30,4275],
		[31,4425],
		[32,4511],
		[33,4531],
		[34,4551],
		[35,4570],
		[36,4590],
		[37,4610],
		[38,4630],
		[39,4650],
		[40,4670],
		[41,4690],
		[42,4710],
		[43,4729],
		[44,4749],
		[45,4769],
		[46,4789],
		[47,4809],
		[48,4829],
		[49,4849],
		[50,4868],
		[51,4888],
		[52,4908],
		[53,4928],
		[54,4948],
		[55,4968],
		[56,4988],
		[57,5008],
		[58,5027],
		[59,5047],
		[60,5067],
		[61,5087],
		[62,5107],
		[63,5127],
		[64,5147],
		[65,5166],
		[66,5186],
		[67,5206],
		[68,5226],
		[69,5246],
		[70,5266],
		[71,5286],
		[72,5305],
		[73,5325],
		[74,5345],
		[75,5365],
		[76,5385],
		[77,5405],
		[78,5425],
		[79,5445],
		[80,5464],
		[81,5484],
		[82,5504],
		[83,5524],
		[84,5544],
		[85,5564],
		[86,5584],
		[87,5603],
		[88,5623],
		[89,5643],
		[90,5663],
		[91,5683],
		[92,5703],
		[93,5723],
		[94,5743],
		[95,5762],
		[96,5782],
		[97,5802],
		[98,5822],
		[99,5842],
		[100,5862],
		[101,5882],
		[102,5901],
		[103,5921],
		[104,5941],
		[105,5961],
		[106,5981],
		[107,6001],
		[108,6021],
		[109,6040],
		[110,6060],
		[111,6080],
		[112,6100],
		[113,6120],
		[114,6140],
		[115,6160],
		[116,6180],
		[117,6199],
		[118,6219],
		[119,6239],
		[120,6259],
		[121,6279],
		[122,6299],
		[123,6319],
		[124,6338],
		[125,6358],
		[126,6378],
		[127,6398],
		[128,6418],
		[129,6438],
		[130,6458],
		[131,6478],
		[132,6497],
		[133,6517],
		[134,6537],
		[135,6557],
		[136,6577],
		[137,6597],
		[138,6617],
		[139,6636],
		[140,6656],
		[141,6676],
		[142,6696],
		[143,6716],
		[144,6736],
		[145,6756],
		[146,6775],
		[147,6795],
		[148,6815],
		[149,6835],
		[150,6892],
		[151,6984],
		[152,7075],
		[153,7166],
		[154,7257],
		[155,7347],
		[156,7438],
		[157,7529],
		[158,7620],
		[159,7711],
		[160,7801],
		[161,7892],
		[162,7983],
		[163,8074],
		[164,8165],
		[165,8255],
		[166,8346],
		[167,8437],
		[168,8528],
		[169,8619],
		[170,8709],
		[171,8800],
		[172,8891],
		[173,8982],
		[174,9073],
		[175,9164],
		[176,9254],
		[177,9345],
		[178,9436],
		[179,9527],
		[180,9618],
		[181,9708],
		[182,9799],
		[183,9890],
		[184,9981],
		[185,10072],
		[186,10162],
		[187,10253],
		[188,10344],
		[189,10435],
		[190,10526],
		[191,10616],
		[192,10707],
		[193,10798],
		[194,10889],
		[195,10980],
		[196,11071],
		[197,11161],
		[198,11252],
		[199,11343],
		[200,11434],
		[201,11525],
		[202,11615],
		[203,11706],
		[204,11797],
		[205,11888],
		[206,11979],
		[207,12069],
		[208,12160],
		[209,12251],
		[210,12342],
		[211,12433],
		[212,12523],
		[213,12614],
		[214,12705],
		[215,12796],
		[216,12887],
		[217,12978],
		[218,13068],
		[219,13159],
		[220,13250],
		[221,13341],
		[222,13432],
		[223,13522],
		[224,13613],
		[225,13704],
		[226,13795],
		[227,13886],
		[228,13976],
		[229,14067],
		[230,14158],
		[231,14249],
		[232,14340],
		[233,14430],
		[234,14521],
		[235,14612],
		[236,14703],
		[237,14794],
		[238,14885],
		[239,14975],
		[240,15066],
		[241,15157],
		[242,15248],
		[243,15339],
		[244,15429],
		[245,15520],
		[246,15611],
		[247,15702],
		[248,15793],
		[249,15883],
		[250,15974],
		[251,16065],
		[252,16156],
		[253,16247],
		[254,16337],
		[255,16383]
	]
}
