{
	"AlgoMap255BrLevel": {
		"sectionone": [0.006667,1.993],
		"sectiontwo": [0.05034,-194.6],
		"sectionthree": [0.01553254438,43.63313609],
		"sectionkeypoint": [4501,6848]
	},
	"LcmMapAlgoBrLevel": [
		[1,1],
		[2,76],
		[3,226],
		[4,376],
		[5,526],
		[6,676],
		[7,826],
		[8,976],
		[9,1125],
		[10,1275],
		[11,1425],
		[12,1575],
		[13,1725],
		[14,1875],
		[15,2025],
		[16,2175],
		[17,2325],
		[18,2475],
		[19,2625],
		[20,2775],
		[21,2925],
		[22,3075],
		[23,3225],
		[24,3375],
		[25,3525],
		[26,3675],
		[27,3825],
		[28,3975],
		[29,4125],
		[30,4275],
		[31,4425],
		[32,4511],
		[33,4531],
		[34,4551],
		[35,4570],
		[36,4590],
		[37,4610],
		[38,4630],
		[39,4650],
		[40,4670],
		[41,4690],
		[42,4710],
		[43,4729],
		[44,4749],
		[45,4769],
		[46,4789],
		[47,4809],
		[48,4829],
		[49,4849],
		[50,4868],
		[51,4888],
		[52,4908],
		[53,4928],
		[54,4948],
		[55,4968],
		[56,4988],
		[57,5008],
		[58,5027],
		[59,5047],
		[60,5067],
		[61,5087],
		[62,5107],
		[63,5127],
		[64,5147],
		[65,5166],
		[66,5186],
		[67,5206],
		[68,5226],
		[69,5246],
		[70,5266],
		[71,5286],
		[72,5305],
		[73,5325],
		[74,5345],
		[75,5365],
		[76,5385],
		[77,5405],
		[78,5425],
		[79,5445],
		[80,5464],
		[81,5484],
		[82,5504],
		[83,5524],
		[84,5544],
		[85,5564],
		[86,5584],
		[87,5603],
		[88,5623],
		[89,5643],
		[90,5663],
		[91,5683],
		[92,5703],
		[93,5723],
		[94,5743],
		[95,5762],
		[96,5782],
		[97,5802],
		[98,5822],
		[99,5842],
		[100,5862],
		[101,5882],
		[102,5901],
		[103,5921],
		[104,5941],
		[105,5961],
		[106,5981],
		[107,6001],
		[108,6021],
		[109,6040],
		[110,6060],
		[111,6080],
		[112,6100],
		[113,6120],
		[114,6140],
		[115,6160],
		[116,6180],
		[117,6199],
		[118,6219],
		[119,6239],
		[120,6259],
		[121,6279],
		[122,6299],
		[123,6319],
		[124,6338],
		[125,6358],
		[126,6378],
		[127,6398],
		[128,6418],
		[129,6438],
		[130,6458],
		[131,6478],
		[132,6497],
		[133,6517],
		[134,6537],
		[135,6557],
		[136,6577],
		[137,6597],
		[138,6617],
		[139,6636],
		[140,6656],
		[141,6676],
		[142,6696],
		[143,6716],
		[144,6736],
		[145,6756],
		[146,6775],
		[147,6795],
		[148,6815],
		[149,6835],
		[150,6879],
		[151,6944],
		[152,7009],
		[153,7073],
		[154,7137],
		[155,7202],
		[156,7266],
		[157,7331],
		[158,7395],
		[159,7459],
		[160,7524],
		[161,7588],
		[162,7652],
		[163,7717],
		[164,7781],
		[165,7846],
		[166,7910],
		[167,7974],
		[168,8039],
		[169,8103],
		[170,8167],
		[171,8232],
		[172,8296],
		[173,8361],
		[174,8425],
		[175,8489],
		[176,8554],
		[177,8618],
		[178,8683],
		[179,8747],
		[180,8811],
		[181,8876],
		[182,8940],
		[183,9004],
		[184,9069],
		[185,9133],
		[186,9198],
		[187,9262],
		[188,9326],
		[189,9391],
		[190,9455],
		[191,9519],
		[192,9584],
		[193,9648],
		[194,9713],
		[195,9777],
		[196,9841],
		[197,9906],
		[198,9970],
		[199,10035],
		[200,10099],
		[201,10163],
		[202,10228],
		[203,10292],
		[204,10356],
		[205,10421],
		[206,10485],
		[207,10550],
		[208,10614],
		[209,10678],
		[210,10743],
		[211,10807],
		[212,10871],
		[213,10936],
		[214,11000],
		[215,11065],
		[216,11129],
		[217,11193],
		[218,11258],
		[219,11322],
		[220,11387],
		[221,11451],
		[222,11515],
		[223,11580],
		[224,11644],
		[225,11708],
		[226,11773],
		[227,11837],
		[228,11902],
		[229,11966],
		[230,12030],
		[231,12095],
		[232,12159],
		[233,12223],
		[234,12288],
		[235,12352],
		[236,12417],
		[237,12481],
		[238,12545],
		[239,12610],
		[240,12674],
		[241,12739],
		[242,12803],
		[243,12867],
		[244,12932],
		[245,12996],
		[246,13060],
		[247,13125],
		[248,13189],
		[249,13254],
		[250,13318],
		[251,13382],
		[252,13447],
		[253,13511],
		[254,13575],
		[255,13608]
	]
}
