{
	"AlgoMap255BrLevel": {
		"sectionone": [0.006667,1.993],
		"sectiontwo": [0.05034,-194.6],
		"sectionthree": [0.01629422719,38.41713222],
		"sectionkeypoint": [4501,6848]
	},
	"LcmMapAlgoBrLevel": [
		[1,1],
		[2,76],
		[3,226],
		[4,376],
		[5,526],
		[6,676],
		[7,826],
		[8,976],
		[9,1125],
		[10,1275],
		[11,1425],
		[12,1575],
		[13,1725],
		[14,1875],
		[15,2025],
		[16,2175],
		[17,2325],
		[18,2475],
		[19,2625],
		[20,2775],
		[21,2925],
		[22,3075],
		[23,3225],
		[24,3375],
		[25,3525],
		[26,3675],
		[27,3825],
		[28,3975],
		[29,4125],
		[30,4275],
		[31,4425],
		[32,4511],
		[33,4531],
		[34,4551],
		[35,4570],
		[36,4590],
		[37,4610],
		[38,4630],
		[39,4650],
		[40,4670],
		[41,4690],
		[42,4710],
		[43,4729],
		[44,4749],
		[45,4769],
		[46,4789],
		[47,4809],
		[48,4829],
		[49,4849],
		[50,4868],
		[51,4888],
		[52,4908],
		[53,4928],
		[54,4948],
		[55,4968],
		[56,4988],
		[57,5008],
		[58,5027],
		[59,5047],
		[60,5067],
		[61,5087],
		[62,5107],
		[63,5127],
		[64,5147],
		[65,5166],
		[66,5186],
		[67,5206],
		[68,5226],
		[69,5246],
		[70,5266],
		[71,5286],
		[72,5305],
		[73,5325],
		[74,5345],
		[75,5365],
		[76,5385],
		[77,5405],
		[78,5425],
		[79,5445],
		[80,5464],
		[81,5484],
		[82,5504],
		[83,5524],
		[84,5544],
		[85,5564],
		[86,5584],
		[87,5603],
		[88,5623],
		[89,5643],
		[90,5663],
		[91,5683],
		[92,5703],
		[93,5723],
		[94,5743],
		[95,5762],
		[96,5782],
		[97,5802],
		[98,5822],
		[99,5842],
		[100,5862],
		[101,5882],
		[102,5901],
		[103,5921],
		[104,5941],
		[105,5961],
		[106,5981],
		[107,6001],
		[108,6021],
		[109,6040],
		[110,6060],
		[111,6080],
		[112,6100],
		[113,6120],
		[114,6140],
		[115,6160],
		[116,6180],
		[117,6199],
		[118,6219],
		[119,6239],
		[120,6259],
		[121,6279],
		[122,6299],
		[123,6319],
		[124,6338],
		[125,6358],
		[126,6378],
		[127,6398],
		[128,6418],
		[129,6438],
		[130,6458],
		[131,6478],
		[132,6497],
		[133,6517],
		[134,6537],
		[135,6557],
		[136,6577],
		[137,6597],
		[138,6617],
		[139,6636],
		[140,6656],
		[141,6676],
		[142,6696],
		[143,6716],
		[144,6736],
		[145,6756],
		[146,6775],
		[147,6795],
		[148,6815],
		[149,6835],
		[150,6877],
		[151,6940],
		[152,7001],
		[153,7063],
		[154,7124],
		[155,7185],
		[156,7247],
		[157,7308],
		[158,7369],
		[159,7431],
		[160,7492],
		[161,7554],
		[162,7615],
		[163,7676],
		[164,7738],
		[165,7799],
		[166,7860],
		[167,7922],
		[168,7983],
		[169,8045],
		[170,8106],
		[171,8167],
		[172,8229],
		[173,8290],
		[174,8351],
		[175,8413],
		[176,8474],
		[177,8536],
		[178,8597],
		[179,8658],
		[180,8720],
		[181,8781],
		[182,8842],
		[183,8904],
		[184,8965],
		[185,9027],
		[186,9088],
		[187,9149],
		[188,9211],
		[189,9272],
		[190,9333],
		[191,9395],
		[192,9456],
		[193,9517],
		[194,9579],
		[195,9640],
		[196,9702],
		[197,9763],
		[198,9824],
		[199,9886],
		[200,9947],
		[201,10008],
		[202,10070],
		[203,10131],
		[204,10193],
		[205,10254],
		[206,10315],
		[207,10377],
		[208,10438],
		[209,10499],
		[210,10561],
		[211,10622],
		[212,10684],
		[213,10745],
		[214,10806],
		[215,10868],
		[216,10929],
		[217,10990],
		[218,11052],
		[219,11113],
		[220,11175],
		[221,11236],
		[222,11297],
		[223,11359],
		[224,11420],
		[225,11481],
		[226,11543],
		[227,11604],
		[228,11665],
		[229,11727],
		[230,11788],
		[231,11850],
		[232,11911],
		[233,11972],
		[234,12034],
		[235,12095],
		[236,12156],
		[237,12218],
		[238,12279],
		[239,12341],
		[240,12402],
		[241,12463],
		[242,12525],
		[243,12586],
		[244,12647],
		[245,12709],
		[246,12770],
		[247,12832],
		[248,12893],
		[249,12954],
		[250,13016],
		[251,13077],
		[252,13138],
		[253,13200],
		[254,13261],
		[255,13292]
	]
}
