{
	"AlgoMap255BrLevel": {
		"sectionone": [0.006667,1.993],
		"sectiontwo": [0.05034,-194.6],
		"sectionthree": [0.01460767947,49.96661102],
		"sectionkeypoint": [4501,6848]
	},
	"LcmMapAlgoBrLevel": [
		[1,1],
		[2,76],
		[3,226],
		[4,376],
		[5,526],
		[6,676],
		[7,826],
		[8,976],
		[9,1125],
		[10,1275],
		[11,1425],
		[12,1575],
		[13,1725],
		[14,1875],
		[15,2025],
		[16,2175],
		[17,2325],
		[18,2475],
		[19,2625],
		[20,2775],
		[21,2925],
		[22,3075],
		[23,3225],
		[24,3375],
		[25,3525],
		[26,3675],
		[27,3825],
		[28,3975],
		[29,4125],
		[30,4275],
		[31,4425],
		[32,4511],
		[33,4531],
		[34,4551],
		[35,4570],
		[36,4590],
		[37,4610],
		[38,4630],
		[39,4650],
		[40,4670],
		[41,4690],
		[42,4710],
		[43,4729],
		[44,4749],
		[45,4769],
		[46,4789],
		[47,4809],
		[48,4829],
		[49,4849],
		[50,4868],
		[51,4888],
		[52,4908],
		[53,4928],
		[54,4948],
		[55,4968],
		[56,4988],
		[57,5008],
		[58,5027],
		[59,5047],
		[60,5067],
		[61,5087],
		[62,5107],
		[63,5127],
		[64,5147],
		[65,5166],
		[66,5186],
		[67,5206],
		[68,5226],
		[69,5246],
		[70,5266],
		[71,5286],
		[72,5305],
		[73,5325],
		[74,5345],
		[75,5365],
		[76,5385],
		[77,5405],
		[78,5425],
		[79,5445],
		[80,5464],
		[81,5484],
		[82,5504],
		[83,5524],
		[84,5544],
		[85,5564],
		[86,5584],
		[87,5603],
		[88,5623],
		[89,5643],
		[90,5663],
		[91,5683],
		[92,5703],
		[93,5723],
		[94,5743],
		[95,5762],
		[96,5782],
		[97,5802],
		[98,5822],
		[99,5842],
		[100,5862],
		[101,5882],
		[102,5901],
		[103,5921],
		[104,5941],
		[105,5961],
		[106,5981],
		[107,6001],
		[108,6021],
		[109,6040],
		[110,6060],
		[111,6080],
		[112,6100],
		[113,6120],
		[114,6140],
		[115,6160],
		[116,6180],
		[117,6199],
		[118,6219],
		[119,6239],
		[120,6259],
		[121,6279],
		[122,6299],
		[123,6319],
		[124,6338],
		[125,6358],
		[126,6378],
		[127,6398],
		[128,6418],
		[129,6438],
		[130,6458],
		[131,6478],
		[132,6497],
		[133,6517],
		[134,6537],
		[135,6557],
		[136,6577],
		[137,6597],
		[138,6617],
		[139,6636],
		[140,6656],
		[141,6676],
		[142,6696],
		[143,6716],
		[144,6736],
		[145,6756],
		[146,6775],
		[147,6795],
		[148,6815],
		[149,6835],
		[150,6881],
		[151,6950],
		[152,7019],
		[153,7087],
		[154,7156],
		[155,7224],
		[156,7293],
		[157,7361],
		[158,7430],
		[159,7498],
		[160,7567],
		[161,7635],
		[162,7703],
		[163,7772],
		[164,7840],
		[165,7909],
		[166,7977],
		[167,8046],
		[168,8114],
		[169,8183],
		[170,8251],
		[171,8320],
		[172,8388],
		[173,8456],
		[174,8525],
		[175,8593],
		[176,8662],
		[177,8730],
		[178,8799],
		[179,8867],
		[180,8936],
		[181,9004],
		[182,9073],
		[183,9141],
		[184,9209],
		[185,9278],
		[186,9346],
		[187,9415],
		[188,9483],
		[189,9552],
		[190,9620],
		[191,9689],
		[192,9757],
		[193,9826],
		[194,9894],
		[195,9963],
		[196,10031],
		[197,10099],
		[198,10168],
		[199,10236],
		[200,10305],
		[201,10373],
		[202,10442],
		[203,10510],
		[204,10579],
		[205,10647],
		[206,10716],
		[207,10784],
		[208,10852],
		[209,10921],
		[210,10989],
		[211,11058],
		[212,11126],
		[213,11195],
		[214,11263],
		[215,11332],
		[216,11400],
		[217,11469],
		[218,11537],
		[219,11605],
		[220,11674],
		[221,11742],
		[222,11811],
		[223,11879],
		[224,11948],
		[225,12016],
		[226,12085],
		[227,12153],
		[228,12222],
		[229,12290],
		[230,12359],
		[231,12427],
		[232,12495],
		[233,12564],
		[234,12632],
		[235,12701],
		[236,12769],
		[237,12838],
		[238,12906],
		[239,12975],
		[240,13043],
		[241,13112],
		[242,13180],
		[243,13248],
		[244,13317],
		[245,13385],
		[246,13454],
		[247,13522],
		[248,13591],
		[249,13659],
		[250,13728],
		[251,13796],
		[252,13865],
		[253,13933],
		[254,14001],
		[255,14036]
	]
}
