{
	"AlgoMap255BrLevel": {
		"sectionone": [0.006667,1.993],
		"sectiontwo": [0.05034,-194.6],
		"sectionthree": [0.01422378759,52.59550257],
		"sectionkeypoint": [4501,6848]
	},
	"LcmMapAlgoBrLevel": [
		[1,1],
		[2,76],
		[3,226],
		[4,376],
		[5,526],
		[6,676],
		[7,826],
		[8,976],
		[9,1125],
		[10,1275],
		[11,1425],
		[12,1575],
		[13,1725],
		[14,1875],
		[15,2025],
		[16,2175],
		[17,2325],
		[18,2475],
		[19,2625],
		[20,2775],
		[21,2925],
		[22,3075],
		[23,3225],
		[24,3375],
		[25,3525],
		[26,3675],
		[27,3825],
		[28,3975],
		[29,4125],
		[30,4275],
		[31,4425],
		[32,4511],
		[33,4531],
		[34,4551],
		[35,4570],
		[36,4590],
		[37,4610],
		[38,4630],
		[39,4650],
		[40,4670],
		[41,4690],
		[42,4710],
		[43,4729],
		[44,4749],
		[45,4769],
		[46,4789],
		[47,4809],
		[48,4829],
		[49,4849],
		[50,4868],
		[51,4888],
		[52,4908],
		[53,4928],
		[54,4948],
		[55,4968],
		[56,4988],
		[57,5008],
		[58,5027],
		[59,5047],
		[60,5067],
		[61,5087],
		[62,5107],
		[63,5127],
		[64,5147],
		[65,5166],
		[66,5186],
		[67,5206],
		[68,5226],
		[69,5246],
		[70,5266],
		[71,5286],
		[72,5305],
		[73,5325],
		[74,5345],
		[75,5365],
		[76,5385],
		[77,5405],
		[78,5425],
		[79,5445],
		[80,5464],
		[81,5484],
		[82,5504],
		[83,5524],
		[84,5544],
		[85,5564],
		[86,5584],
		[87,5603],
		[88,5623],
		[89,5643],
		[90,5663],
		[91,5683],
		[92,5703],
		[93,5723],
		[94,5743],
		[95,5762],
		[96,5782],
		[97,5802],
		[98,5822],
		[99,5842],
		[100,5862],
		[101,5882],
		[102,5901],
		[103,5921],
		[104,5941],
		[105,5961],
		[106,5981],
		[107,6001],
		[108,6021],
		[109,6040],
		[110,6060],
		[111,6080],
		[112,6100],
		[113,6120],
		[114,6140],
		[115,6160],
		[116,6180],
		[117,6199],
		[118,6219],
		[119,6239],
		[120,6259],
		[121,6279],
		[122,6299],
		[123,6319],
		[124,6338],
		[125,6358],
		[126,6378],
		[127,6398],
		[128,6418],
		[129,6438],
		[130,6458],
		[131,6478],
		[132,6497],
		[133,6517],
		[134,6537],
		[135,6557],
		[136,6577],
		[137,6597],
		[138,6617],
		[139,6636],
		[140,6656],
		[141,6676],
		[142,6696],
		[143,6716],
		[144,6736],
		[145,6756],
		[146,6775],
		[147,6795],
		[148,6815],
		[149,6835],
		[150,6882],
		[151,6953],
		[152,7023],
		[153,7094],
		[154,7164],
		[155,7234],
		[156,7305],
		[157,7375],
		[158,7445],
		[159,7516],
		[160,7586],
		[161,7656],
		[162,7726],
		[163,7797],
		[164,7867],
		[165,7937],
		[166,8008],
		[167,8078],
		[168,8148],
		[169,8219],
		[170,8289],
		[171,8359],
		[172,8430],
		[173,8500],
		[174,8570],
		[175,8640],
		[176,8711],
		[177,8781],
		[178,8851],
		[179,8922],
		[180,8992],
		[181,9062],
		[182,9133],
		[183,9203],
		[184,9273],
		[185,9343],
		[186,9414],
		[187,9484],
		[188,9554],
		[189,9625],
		[190,9695],
		[191,9765],
		[192,9836],
		[193,9906],
		[194,9976],
		[195,10047],
		[196,10117],
		[197,10187],
		[198,10257],
		[199,10328],
		[200,10398],
		[201,10468],
		[202,10539],
		[203,10609],
		[204,10679],
		[205,10750],
		[206,10820],
		[207,10890],
		[208,10960],
		[209,11031],
		[210,11101],
		[211,11171],
		[212,11242],
		[213,11312],
		[214,11382],
		[215,11453],
		[216,11523],
		[217,11593],
		[218,11664],
		[219,11734],
		[220,11804],
		[221,11874],
		[222,11945],
		[223,12015],
		[224,12085],
		[225,12156],
		[226,12226],
		[227,12296],
		[228,12367],
		[229,12437],
		[230,12507],
		[231,12577],
		[232,12648],
		[233,12718],
		[234,12788],
		[235,12859],
		[236,12929],
		[237,12999],
		[238,13070],
		[239,13140],
		[240,13210],
		[241,13281],
		[242,13351],
		[243,13421],
		[244,13491],
		[245,13562],
		[246,13632],
		[247,13702],
		[248,13773],
		[249,13843],
		[250,13913],
		[251,13984],
		[252,14054],
		[253,14124],
		[254,14194],
		[255,14230]
	]
}
