{
	"ramperbrightness": {
		"sectiondown": [
			[-1.756410256,9010.5],
			[-3.147126437,13729.2],
			[-5.359798995,19311.77286],
			[-8.351102941,23882.48529],
			[-10.18518519,25687.22222],
			[-11.5046729,26807.46729],
			[-15.31441048,29634.29258],
			[-19.88709677,31980.08065],
			[-22.21621622,33030.51351],
			[-27.24137931,35110.93103],
			[-38.54444444,38479.24444],
			[-53.91071429,41675.42857],
			[-68.57142857,43903.85714],
			[-89.69230769,46522.84615],
			[-119.0333333,49398.26667],
			[-180.6363636,53587.27273],
			[-274.8125,57919.375],
			[-486.25,64262.5],
			[-678.8,67728.4]
		],
		"section_downpoint": [3393,2523,1528,984,849,742,513,451,414,298,208,152,124,98,68,46,30,18,13],
		"section_down_min_step": [35,20,12,8,6,6,4,2,2,2,2,2,2,2,2,2,2,2,2],
		"sectiondowngapminone": 20,
		"sectiondowngapmintwo": 80,
		"sectiondownkeybr": 742,
		"downlcmFlickValue": 2,
		"uptotaltime": 2800,
		"uplimmitcount": 25,
		"section_uppoint": [801,2438],
		"quickupstep": [56,161,156],
		"quickupgap": [20,0,0],
		"quickdownstep": [8,23,24,130],
		"quickdowngap": [40,40,30,20],
		"quick_sectionpoint": [1852,1040,483,13],
		"pemtotaltime": 10000
	}
}
